-- File: V8__data_testing.sql

-- 1. Tạo warehouse (Real data):
USE warehouse_db;
insert into warehouses (warehouse_id, warehouse_code, name, address, latitude, longitude, capacity, available_slots, status) values
( 1, 'K-TTT', 'Kho Tôn Thất Thuyết', 'Số 7 Tôn Thất Thuyết, Gần Tòa Án Nhân Dân quận Cầu Giấy, Hà Nội', 21.027661501460578, 105.78492171249927, 300, 300, 1),
( 2, 'K-SD', 'Kho Sơn Đồng', '111 thôn Rô, Sơn Đồng, Hoài Đức, Hà Nội', 21.046154996720368, 105.70200275897638, 390, 390, 1),
( 3, 'K-YL', 'Kho Ỷ Lan', '360 đường Ỷ Lan, Đặng Xá, Gia Lâm, Hà Nội', 21.023106432235874, 105.96294146676955, 500, 500, 1),
( 4, 'K-TD', 'Kho Trương Định', 'Số 585, Trương Định, Thịnh Liệt, Hoàng Mai, Hà Nội', 20.98128284900327, 105.84550713675242, 250, 250, 1),
( 5, 'K-LD', 'Kho Linh Đàm', 'Số A2 TT2, Bắc Linh Đàm, Phố Linh Đàm, P. Đại Kim, Hoàng Mai, Hà Nội', 20.971184735638236, 105.82831235657186, 270, 270, 1),
( 6, 'K-KG', 'Kho Kim Giang', 'Số 160, đường Kim Giang, phường Đại Kim, quận Hoàng Mai, thành phố Hà Nội', 20.98062832680405, 105.81780459434461, 330, 330, 1),
( 7, 'K-ND', 'Kho Nghĩa Đô', 'Số 29, đường Nghĩa Đô, phường Nghĩa Đô, quận Cầu Giấy, thành phố Hà Nội', 21.048788959669587, 105.79544506176323, 240, 240, 1),
( 8, 'K-HVT', 'Kho Hoàng Văn Thái', 'Số 146 Hoàng Văn Thái, phường Khương Mai, quận Thanh Xuân, thành phố Hà Nội', 20.996219822727173, 105.82990221274233, 180, 180, 1),
( 9, 'K-LT', 'Kho La Thành', 'Số 120, La Thành, phường Ô Chợ Dừa, Đống Đa, Hà Nội', 21.020123768288737, 105.8281049198806, 260, 260, 1),
( 10, 'K-AC', 'Kho Âu Cơ', '213 Âu Cơ, Quảng An, Tây Hồ, Hà Nội', 21.065802561955337, 105.82819945764042, 380, 380, 1),
( 11, 'K-DN', 'Kho Dương Nội', 'B46, Khu tái định cư Dương Nội, phường Dương Nội, quận Hà Đông, Hà Nội', 20.973489305204232, 105.74921957095043, 420, 420, 1),
( 12, 'K-YX', 'Kho Yên Xá', 'Lô L20 Yên Xá, xã Tân Triều, huyện Thanh Trì, thành phố Hà Nội', 20.964689069809115, 105.7946162170381, 380, 380, 1),
( 13, 'K-PNL', 'Kho Phạm Ngũ Lão', 'Số 4, Phạm Ngũ Lão, phường Phan Chu Trinh, quận Hoàn Kiếm, thành phố Hà Nội', 21.024150312713907, 105.85905078795756, 210, 210, 1),
( 14, 'K-ML2', 'Kho Mê Linh 2', 'Thôn Do Hạ, xã Tiền Phong, huyện Mê Linh, thành phố Hà Nội', 21.155274008283367, 105.76666379547012, 320, 320, 1),
( 15, 'K-PK', 'Kho Phùng Khoang', 'Số 28 lô 2, Ngõ 67 Phùng Khoang, phường Trung Văn, quận Từ Liêm, thành phố Hà Nội', 20.9869047111767, 105.79327224960747, 110, 110, 1),
( 16, 'K-MD', 'Kho Miếu Đầm', 'Số 30 Miếu Đầm, Mễ Trì, Từ Liêm, Hà Nội', 21.006967212035708, 105.78155270366291, 180, 180, 1),
( 17, 'K-XL', 'Kho Xuân La', 'Số 340, đường Lạc Long Quân, phường Xuân La, quận Tây Hồ, thành phố Hà Nội', 21.06436040973613, 105.81002883224086, 270, 270, 1),
( 18, 'K-LH', 'Kho Láng Hạ', 'Số 103, Láng Hạ, phường Láng Hạ, quận Đống Đa, thành phố Hà Nội', 21.013300833374203, 105.81329616510386, 220, 220, 1),
( 19, 'K-XP', 'Kho Xuân Phương', '345 Xuân Phương, phường Xuân Phương, quận Nam Từ Liêm', 21.030689150865776, 105.73974958339308, 360, 360, 1),
( 20, 'K-SS', 'Kho Sóc Sơn', 'Số 156, Phố Mã, Phù Linh, Sóc Sơn, Hà Nội', 21.270158427648912, 105.85541352650213, 380, 380, 1);

-- 2. Tao user:
USE auth_db;
INSERT INTO users
(username, password, full_name, warehouse_id, status)VALUES ('admindev1', 'Admindev123', 'Nguyễn Văn A', 1, 1),('admindev2', 'Admindev123', 'Trần Thị B', 2, 1);

update users set password = '$2a$12$vjQOzei23J1W69Ue3R1sg.7fBuRSppLl3MIbA5BLDAKtvdGIh1csC' where username = 'admindev1';
update users set password = '$2a$12$vjQOzei23J1W69Ue3R1sg.7fBuRSppLl3MIbA5BLDAKtvdGIh1csC' where username = 'admindev2';


-- 3. Tạo orders (Test data):
USE order_db;
insert into orders (order_id, order_code, warehouse_id, status, supplier_name, supplier_address, supplier_phone, supplier_email, receiver_name, receiver_address, receiver_phone, receiver_email, receiver_lat, receiver_lon, failed_delivery_count) values
(1, 'ORD001', 1, 0, 'Công ty CP Dược phẩm Việt', 'Số 10 Láng Hạ, Ba Đình', '0987654321', 'contact@duocpham.vn', 'Nguyễn Văn An', 'Số 25 Trần Duy Hưng, Cầu Giấy', '0912345678', 'nguyenvanan@gmail.com', 21.005182, 105.799194, 0),
(2, 'ORD002', 2, 0, 'Công ty Thực phẩm Hà Nội', 'Số 45 Kim Mã, Ba Đình', '0988887777', 'info@thucphamhn.vn', 'Trần Thị Bình', 'Số 12 Nguyễn Chí Thanh, Đống Đa', '0911112222', 'tranthibinh@yahoo.com', 21.020487, 105.811685, 0),
(3, 'ORD003', 3, 0, 'Cửa hàng Điện máy Xanh', 'Số 88 Lò Đúc, Hai Bà Trưng', '0981234567', 'dienmayxanh@gmail.com', 'Lê Văn Cường', 'Số 30 Phạm Văn Đồng, Từ Liêm', '0915556666', 'levancuong@gmail.com', 21.051943, 105.768218, 0),
(4, 'ORD004', 4, 0, 'Công ty May mặc Thăng Long', 'Số 12 Hàng Bông, Hoàn Kiếm', '0977778888', 'thanglong@fashion.com', 'Phạm Thị Dung', 'Số 15 Trần Hưng Đạo, Hoàn Kiếm', '0917778888', 'phamdung@gmail.com', 21.024512, 105.850190, 0),
(5, 'ORD005', 5, 0, 'Công ty Sách Giáo dục', 'Số 55 Tràng Thi, Hoàn Kiếm', '0966665555', 'sachgiaoduc@gmail.com', 'Hoàng Văn Đức', 'Số 40 Nguyễn Thị Định, Thanh Xuân', '0909998888', 'hoangduc@gmail.com', 20.994614, 105.809575, 0),
(6, 'ORD006', 6, 0, 'Cửa hàng Nội thất Hoàng Gia', 'Số 22 Bà Triệu, Hai Bà Trưng', '0955554444', 'noithat@gmail.com', 'Vũ Thị Lan', 'Số 18 Lê Văn Lương, Thanh Xuân', '0944443333', 'vulan@gmail.com', 20.995982, 105.795682, 0),
(7, 'ORD007', 7, 0, 'Công ty Điện tử Viễn thông', 'Số 33 Đội Cấn, Ba Đình', '0944445555', 'dientu@gmail.com', 'Đặng Văn Minh', 'Số 55 Nguyễn Khánh Toàn, Cầu Giấy', '0933332222', 'dangminh@gmail.com', 21.036214, 105.787214, 0),
(8, 'ORD008', 8, 0, 'Cửa hàng Thời trang Chic', 'Số 77 Trần Phú, Hà Đông', '0933334444', 'chicfashion@gmail.com', 'Ngô Thị Hương', 'Số 22 Quang Trung, Hà Đông', '0922221111', 'ngohuong@gmail.com', 20.967456, 105.776289, 0),
(9, 'ORD009', 9, 0, 'Công ty Gốm sứ Bát Tràng', 'Số 5 Bát Tràng, Gia Lâm', '0922223333', 'gombattrang@gmail.com', 'Trịnh Văn Hùng', 'Số 88 Vũ Trọng Khánh, Hà Đông', '0911110000', 'trinhhung@gmail.com', 20.972345, 105.782456, 0),
(10, 'ORD010', 10, 0, 'Cửa hàng Đồ chơi trẻ em', 'Số 45 Hàng Bài, Hoàn Kiếm', '0911112222', 'dochoi@gmail.com', 'Bùi Thị Ngọc', 'Số 33 Tây Sơn, Đống Đa', '0900009999', 'buingoc@gmail.com', 21.008765, 105.832456, 0),
(11, 'ORD011', 1, 0, 'Công ty Thiết bị y tế', 'Số 12 Phan Chu Trinh, Hoàn Kiếm', '0900001111', 'yte@gmail.com', 'Mai Văn Tài', 'Số 66 Cầu Giấy, Cầu Giấy', '0899998888', 'maitai@gmail.com', 21.030987, 105.798765, 0),
(12, 'ORD012', 2, 0, 'Cửa hàng Vật liệu xây dựng', 'Số 88 Giải Phóng, Hai Bà Trưng', '0899990000', 'xaydung@gmail.com', 'Lý Thị Hoa', 'Số 44 Kim Giang, Thanh Xuân', '0888887777', 'lyhoa@gmail.com', 20.981234, 105.817654, 0),
(13, 'ORD013', 3, 0, 'Công ty Mỹ phẩm Hàn Quốc', 'Số 55 Lý Thường Kiệt, Hoàn Kiếm', '0888889999', 'mypham@gmail.com', 'Cao Văn Sỹ', 'Số 77 Nguyễn Trãi, Thanh Xuân', '0877776666', 'caosy@gmail.com', 20.991234, 105.807654, 0),
(14, 'ORD014', 4, 0, 'Cửa hàng Điện thoại di động', 'Số 33 Trần Đại Nghĩa, Hai Bà Trưng', '0877778888', 'dienthoai@gmail.com', 'Đỗ Thị Mai', 'Số 99 Trần Duy Hưng, Cầu Giấy', '0866665555', 'domain@gmail.com', 21.004321, 105.798765, 0),
(15, 'ORD015', 5, 0, 'Công ty Phân bón nông nghiệp', 'Số 22 Minh Khai, Hai Bà Trưng', '0866667777', 'phanbon@gmail.com', 'Tạ Văn Phong', 'Số 11 Xuân Thủy, Cầu Giấy', '0855554444', 'taphong@gmail.com', 21.039876, 105.781234, 0),
(16, 'ORD016', 6, 0, 'Cửa hàng Văn phòng phẩm', 'Số 77 Bạch Mai, Hai Bà Trưng', '0855556666', 'vanphongpham@gmail.com', 'Lâm Thị Thu', 'Số 33 Tô Hiệu, Cầu Giấy', '0844443333', 'lamthu@gmail.com', 21.029876, 105.791234, 0),
(17, 'ORD017', 7, 0, 'Công ty Bánh kẹo Hải Châu', 'Số 44 Hàng Đào, Hoàn Kiếm', '0844445555', 'banhkeo@gmail.com', 'Võ Văn Khánh', 'Số 66 Hoàng Quốc Việt, Cầu Giấy', '0833332222', 'vokhanh@gmail.com', 21.045678, 105.801234, 0),
(18, 'ORD018', 8, 0, 'Cửa hàng Thể thao', 'Số 99 Trần Nhân Tông, Hai Bà Trưng', '0833334444', 'thethao@gmail.com', 'Hồ Thị Nga', 'Số 22 Phạm Hùng, Nam Từ Liêm', '0822221111', 'honga@gmail.com', 21.004567, 105.763456, 0),
(19, 'ORD019', 9, 0, 'Công ty Đồ gia dụng', 'Số 11 Lê Duẩn, Hoàn Kiếm', '0822223333', 'dogiadung@gmail.com', 'Chu Văn Long', 'Số 55 Mỹ Đình, Nam Từ Liêm', '0811110000', 'chulong@gmail.com', 21.028765, 105.772345, 0),
(20, 'ORD020', 10, 0, 'Cửa hàng Sữa và Dinh dưỡng', 'Số 66 Hàng Bạc, Hoàn Kiếm', '0811112222', 'suadinhduong@gmail.com', 'Phan Thị Quỳnh', 'Số 44 Trần Thái Tông, Cầu Giấy', '0800009999', 'phanquynh@gmail.com', 21.017654, 105.789012, 0),
(21, 'ORD021', 1, 0, 'Công ty Hóa chất công nghiệp', 'Số 88 Nguyễn Du, Hai Bà Trưng', '0800001111', 'hoachat@gmail.com', 'Nguyễn Đức Anh', 'Số 33 Lê Đức Thọ, Nam Từ Liêm', '0799998888', 'nguyenducanh@gmail.com', 21.019876, 105.758765, 0),
(22, 'ORD022', 2, 0, 'Cửa hàng Đồ điện gia đình', 'Số 55 Hàng Buồm, Hoàn Kiếm', '0799990000', 'dodien@gmail.com', 'Trần Bảo Ngọc', 'Số 77 Phạm Văn Bạch, Cầu Giấy', '0788887777', 'tranbaongoc@gmail.com', 21.034567, 105.790123, 0),
(23, 'ORD023', 3, 0, 'Công ty Dịch vụ vận tải', 'Số 22 Lý Nam Đế, Hoàn Kiếm', '0788889999', 'vanchuyen@gmail.com', 'Lê Minh Tuấn', 'Số 11 Hoàng Đạo Thúy, Thanh Xuân', '0777776666', 'leminhtuan@gmail.com', 20.998765, 105.812345, 0),
(24, 'ORD024', 4, 0, 'Cửa hàng Quà tặng lưu niệm', 'Số 33 Hàng Gai, Hoàn Kiếm', '0777778888', 'quatang@gmail.com', 'Phạm Thu Hà', 'Số 66 Trung Kính, Cầu Giấy', '0766665555', 'phamha@gmail.com', 21.014567, 105.801234, 0),
(25, 'ORD025', 5, 0, 'Công ty In ấn và Quảng cáo', 'Số 44 Tràng Tiền, Hoàn Kiếm', '0766667777', 'inancquangcao@gmail.com', 'Hoàng Minh Trí', 'Số 88 Nguyễn Phong Sắc, Cầu Giấy', '0755554444', 'hoangtri@gmail.com', 21.028345, 105.783456, 0),
(26, 'ORD026', 6, 0, 'Cửa hàng Thú cưng', 'Số 99 Hàng Đậu, Hoàn Kiếm', '0755556666', 'thucung@gmail.com', 'Vũ Đức Hòa', 'Số 22 Duy Tân, Cầu Giấy', '0744443333', 'vuduchoa@gmail.com', 21.032456, 105.792345, 0),
(27, 'ORD027', 7, 0, 'Công ty Nước giải khát', 'Số 11 Hàng Than, Ba Đình', '0744445555', 'nuocgiaikhat@gmail.com', 'Đặng Thu Trang', 'Số 55 Phố Vọng, Hai Bà Trưng', '0733332222', 'dangtrang@gmail.com', 20.992345, 105.845678, 0),
(28, 'ORD028', 8, 0, 'Cửa hàng Đồng hồ', 'Số 66 Hàng Ngang, Hoàn Kiếm', '0733334444', 'dongho@gmail.com', 'Ngô Văn Bình', 'Số 33 Lạc Long Quân, Tây Hồ', '0722221111', 'ngobinh@gmail.com', 21.067890, 105.823456, 0),
(29, 'ORD029', 9, 0, 'Công ty Phụ kiện ô tô', 'Số 22 Hàng Mã, Hoàn Kiếm', '0722223333', 'phukienoto@gmail.com', 'Trịnh Thị Vân', 'Số 88 Âu Cơ, Tây Hồ', '0711110000', 'trinhvan@gmail.com', 21.065432, 105.834567, 0),
(30, 'ORD030', 10, 0, 'Cửa hàng Mắt kính', 'Số 55 Hàng Bồ, Hoàn Kiếm', '0711112222', 'matkinh@gmail.com', 'Bùi Văn Đạt', 'Số 44 Nghi Tàm, Tây Hồ', '0700009999', 'buidat@gmail.com', 21.058765, 105.843210, 0),
(31, 'ORD031', 1, 0, 'Công ty Sơn và Dầu bôi trơn', 'Số 77 Hàng Chiếu, Hoàn Kiếm', '0700001111', 'son@gmail.com', 'Mai Thị Hồng', 'Số 66 Vạn Phúc, Hà Đông', '0699998888', 'maihong@gmail.com', 20.973456, 105.754321, 0),
(32, 'ORD032', 2, 0, 'Cửa hàng Nhạc cụ', 'Số 33 Hàng Bạc, Hoàn Kiếm', '0699990000', 'nhaccu@gmail.com', 'Lý Văn Thành', 'Số 11 Quang Trung, Hà Đông', '0688887777', 'lythanh@gmail.com', 20.978901, 105.765432, 0),
(33, 'ORD033', 3, 0, 'Công ty Thiết bị bếp', 'Số 44 Hàng Bè, Hoàn Kiếm', '0688889999', 'thietbibep@gmail.com', 'Cao Thị Lan Anh', 'Số 88 Nguyễn Văn Trỗi, Hà Đông', '0677776666', 'caolananh@gmail.com', 20.981234, 105.776543, 0),
(34, 'ORD034', 4, 0, 'Cửa hàng Tranh ảnh', 'Số 66 Hàng Đào, Hoàn Kiếm', '0677778888', 'tranhanh@gmail.com', 'Đỗ Văn Hiếu', 'Số 33 Văn Quán, Hà Đông', '0666665555', 'dohieu@gmail.com', 20.984567, 105.787654, 0),
(35, 'ORD035', 5, 0, 'Công ty Vật tư nông nghiệp', 'Số 88 Hàng Nón, Hoàn Kiếm', '0666667777', 'vattunongnghiep@gmail.com', 'Tạ Thị Thanh', 'Số 55 Yên Nghĩa, Hà Đông', '0655554444', 'tathanh@gmail.com', 20.971234, 105.765432, 0),
(36, 'ORD036', 6, 0, 'Cửa hàng Đồ thể thao dưới nước', 'Số 11 Hàng Mắm, Hoàn Kiếm', '0655556666', 'thethaoduoinuoc@gmail.com', 'Lâm Văn Dũng', 'Số 77 La Khê, Hà Đông', '0644443333', 'lamdung@gmail.com', 20.957890, 105.754321, 0),
(37, 'ORD037', 7, 0, 'Công ty Phần mềm', 'Số 22 Hàng Tre, Hoàn Kiếm', '0644445555', 'phanmem@gmail.com', 'Võ Thị Hạnh', 'Số 44 Dương Nội, Hà Đông', '0633332222', 'vohanh@gmail.com', 20.973456, 105.743210, 0),
(38, 'ORD038', 8, 0, 'Cửa hàng Đồ chơi thông minh', 'Số 55 Hàng Vôi, Hoàn Kiếm', '0633334444', 'dochoithongminh@gmail.com', 'Hồ Văn Sơn', 'Số 66 Văn Phú, Hà Đông', '0622221111', 'hoson@gmail.com', 20.981234, 105.732109, 0),
(39, 'ORD039', 9, 0, 'Công ty Thiết bị vệ sinh', 'Số 77 Hàng Bông, Hoàn Kiếm', '0622223333', 'thietbivesinh@gmail.com', 'Chu Thị Hoa', 'Số 88 Phú Lương, Hà Đông', '0611110000', 'chuhoa@gmail.com', 20.991234, 105.721098, 0),
(40, 'ORD040', 10, 0, 'Cửa hàng Đồ dùng học tập', 'Số 99 Hàng Trống, Hoàn Kiếm', '0611112222', 'dodunghoctap@gmail.com', 'Phan Văn Thắng', 'Số 11 Kiến Hưng, Hà Đông', '0600009999', 'phanthang@gmail.com', 20.956789, 105.710987, 0),
(41, 'ORD041', 1, 0, 'Công ty Vải sợi', 'Số 12 Hàng Bút, Hoàn Kiếm', '0600001111', 'vaisoi@gmail.com', 'Nguyễn Thị Huyền', 'Số 22 Mễ Trì, Nam Từ Liêm', '0599998888', 'nguyenhuyen@gmail.com', 21.007654, 105.781234, 0),
(42, 'ORD042', 2, 0, 'Cửa hàng Đồ gỗ mỹ nghệ', 'Số 45 Hàng Mã, Hoàn Kiếm', '0599990000', 'dogomynghe@gmail.com', 'Trần Văn Khôi', 'Số 33 Tân Mai, Hoàng Mai', '0588887777', 'trankhoi@gmail.com', 20.984321, 105.854321, 0),
(43, 'ORD043', 3, 0, 'Công ty Dụng cụ y tế', 'Số 78 Hàng Đường, Hoàn Kiếm', '0588889999', 'dungcuyte@gmail.com', 'Lê Thị Ngà', 'Số 55 Giáp Bát, Hoàng Mai', '0577776666', 'lenga@gmail.com', 20.976543, 105.843210, 0),
(44, 'ORD044', 4, 0, 'Cửa hàng Đồng phục', 'Số 89 Hàng Cót, Hoàn Kiếm', '0577778888', 'dongphuc@gmail.com', 'Phạm Văn Lợi', 'Số 66 Tân Triều, Thanh Trì', '0566665555', 'phamloi@gmail.com', 20.965432, 105.832109, 0),
(45, 'ORD045', 5, 0, 'Công ty Thiết bị đo lường', 'Số 34 Hàng Da, Hoàn Kiếm', '0566667777', 'thietbiodoluong@gmail.com', 'Hoàng Thị Ngân', 'Số 77 Vĩnh Tuy, Hai Bà Trưng', '0555554444', 'hoangngan@gmail.com', 20.992345, 105.876543, 0),
(46, 'ORD046', 6, 0, 'Cửa hàng Đồ thủ công mỹ nghệ', 'Số 56 Hàng Bạc, Hoàn Kiếm', '0555556666', 'thucongmynghe@gmail.com', 'Vũ Thị Thảo', 'Số 88 Minh Khai, Hai Bà Trưng', '0544443333', 'vuthao@gmail.com', 20.984567, 105.865432, 0),
(47, 'ORD047', 7, 0, 'Công ty Vật liệu chống thấm', 'Số 67 Hàng Buồm, Hoàn Kiếm', '0544445555', 'chongtham@gmail.com', 'Đặng Văn Quân', 'Số 99 Bạch Mai, Hai Bà Trưng', '0533332222', 'dangquan@gmail.com', 20.998765, 105.854321, 0),
(48, 'ORD048', 8, 0, 'Cửa hàng Đồ cổ', 'Số 78 Hàng Ngang, Hoàn Kiếm', '0533334444', 'docổ@gmail.com', 'Ngô Thị Thuỷ', 'Số 11 Trương Định, Hai Bà Trưng', '0522221111', 'ngothuy@gmail.com', 20.987654, 105.843210, 0),
(49, 'ORD049', 9, 0, 'Công ty Dịch vụ sửa chữa', 'Số 89 Hàng Đào, Hoàn Kiếm', '0522223333', 'suachua@gmail.com', 'Trịnh Văn Tú', 'Số 22 Lê Thanh Nghị, Hai Bà Trưng', '0511110000', 'trinhtu@gmail.com', 20.976543, 105.832109, 0),
(50, 'ORD050', 10, 0, 'Cửa hàng Đồ thể thao mạo hiểm', 'Số 90 Hàng Bông, Hoàn Kiếm', '0511112222', 'thethaomaohiem@gmail.com', 'Bùi Thị Nhung', 'Số 33 Đại Cồ Việt, Hai Bà Trưng', '0500009999', 'buinhung@gmail.com', 20.994567, 105.821098, 0),
(51, 'ORD051', 1, 0, 'Công ty Hàng gia dụng điện tử', 'Số 91 Hàng Gai, Hoàn Kiếm', '0500001111', 'giadungdientu@gmail.com', 'Mai Văn Hoàng', 'Số 44 Thanh Nhàn, Hai Bà Trưng', '0499998888', 'maihoang@gmail.com', 20.983456, 105.810987, 0),
(52, 'ORD052', 2, 0, 'Cửa hàng Đồ chơi LEGO', 'Số 92 Hàng Trống, Hoàn Kiếm', '0499990000', 'dchoilego@gmail.com', 'Lý Văn Hải', 'Số 55 Bùi Thị Xuân, Hai Bà Trưng', '0488887777', 'lyhai@gmail.com', 20.997654, 105.809876, 0),
(53, 'ORD053', 3, 0, 'Công ty Thiết bị phòng cháy', 'Số 93 Hàng Mắm, Hoàn Kiếm', '0488889999', 'phongchay@gmail.com', 'Cao Văn Phúc', 'Số 66 Nguyễn Công Trứ, Hai Bà Trưng', '0477776666', 'caophuc@gmail.com', 20.988765, 105.798765, 0),
(54, 'ORD054', 4, 0, 'Cửa hàng Đồ trang trí Noel', 'Số 94 Hàng Bè, Hoàn Kiếm', '0477778888', 'trangtrinoel@gmail.com', 'Đỗ Thị Thuý', 'Số 77 Trần Khát Chân, Hai Bà Trưng', '0466665555', 'dothuy@gmail.com', 20.978654, 105.787654, 0),
(55, 'ORD055', 5, 0, 'Công ty Vật tư xây dựng', 'Số 95 Hàng Cót, Hoàn Kiếm', '0466667777', 'vattuxaydung@gmail.com', 'Tạ Văn Hùng', 'Số 88 Thanh Lương, Hai Bà Trưng', '0455554444', 'tahung@gmail.com', 20.968765, 105.776543, 0),
(56, 'ORD056', 6, 0, 'Cửa hàng Đồ chơi xe hơi', 'Số 96 Hàng Đường, Hoàn Kiếm', '0455556666', 'dochoixehoi@gmail.com', 'Lâm Thị Linh', 'Số 99 Vĩnh Hưng, Hoàng Mai', '0444443333', 'lamlinh@gmail.com', 20.985432, 105.876543, 0),
(57, 'ORD057', 7, 0, 'Công ty Thiết bị âm thanh', 'Số 97 Hàng Bạc, Hoàn Kiếm', '0444445555', 'amthanh@gmail.com', 'Võ Văn Nam', 'Số 11 Định Công, Hoàng Mai', '0433332222', 'vonam@gmail.com', 20.976543, 21.088765, 0),
(58, 'ORD058', 8, 0, 'Cửa hàng Đồ chơi máy bay', 'Số 98 Hàng Nón, Hoàn Kiếm', '0433334444', 'dochoimaybay@gmail.com', 'Hồ Thị Nhi', 'Số 22 Giải Phóng, Hoàng Mai', '0422221111', 'honhi@gmail.com', 20.965432, 105.876543, 0),
(59, 'ORD059', 9, 0, 'Công ty Thiết bị chiếu sáng', 'Số 99 Hàng Vôi, Hoàn Kiếm', '0422223333', 'chieusang@gmail.com', 'Chu Văn Tài', 'Số 33 Tân Mai, Hoàng Mai', '0411110000', 'chutai@gmail.com', 20.954321, 105.865432, 0),
(60, 'ORD060', 10, 0, 'Cửa hàng Đồ dùng văn phòng', 'Số 100 Hàng Tre, Hoàn Kiếm', '0411112222', 'dodungvanphong@gmail.com', 'Phan Thị Hằng', 'Số 44 Hoàng Liệt, Hoàng Mai', '0400009999', 'phanhang@gmail.com', 20.943210, 105.854321, 0),
(61, 'ORD061', 1, 0, 'Công ty Thiết bị nhà bếp', 'Số 101 Hàng Buồm, Hoàn Kiếm', '0400001111', 'thietbinhabep@gmail.com', 'Nguyễn Văn Đông', 'Số 55 Đại Kim, Hoàng Mai', '0399998888', 'nguyendong@gmail.com', 20.956789, 105.843210, 0),
(62, 'ORD062', 2, 0, 'Cửa hàng Đồ chơi robot', 'Số 102 Hàng Mã, Hoàn Kiếm', '0399990000', 'dochoirobot@gmail.com', 'Trần Thị Xuân', 'Số 66 Linh Đàm, Hoàng Mai', '0388887777', 'tranxuan@gmail.com', 20.947654, 105.832109, 0),
(63, 'ORD063', 3, 0, 'Công ty Vật liệu cách nhiệt', 'Số 103 Hàng Đào, Hoàn Kiếm', '0388889999', 'cachnhiet@gmail.com', 'Lê Văn Hậu', 'Số 77 Định Công Thượng, Hoàng Mai', '0377776666', 'lehaul@gmail.com', 20.938765, 105.821098, 0),
(64, 'ORD064', 4, 0, 'Cửa hàng Đồ chơi búp bê', 'Số 104 Hàng Ngang, Hoàn Kiếm', '0377778888', 'dochoibupbe@gmail.com', 'Phạm Thị Lan', 'Số 88 Hoàng Văn Thụ, Hoàng Mai', '0366665555', 'phamlan@gmail.com', 20.929876, 105.810987, 0),
(65, 'ORD065', 5, 0, 'Công ty Thiết bị an ninh', 'Số 105 Hàng Đường, Hoàn Kiếm', '0366667777', 'anninh@gmail.com', 'Hoàng Văn Sơn', 'Số 99 Yên Sở, Hoàng Mai', '0355554444', 'hoangson@gmail.com', 20.920987, 105.809876, 0),
(66, 'ORD066', 6, 0, 'Cửa hàng Đồ chơi xếp hình', 'Số 106 Hàng Cót, Hoàn Kiếm', '0355556666', 'dochoixephinh@gmail.com', 'Vũ Thị Hạnh', 'Số 11 Lĩnh Nam, Hoàng Mai', '0344443333', 'vuhanh@gmail.com', 20.911098, 105.798765, 0),
(67, 'ORD067', 7, 0, 'Công ty Thiết bị viễn thông', 'Số 107 Hàng Bè, Hoàn Kiếm', '0344445555', 'vienthong@gmail.com', 'Đặng Văn Trung', 'Số 22 Mai Động, Hoàng Mai', '0333332222', 'dangtrung@gmail.com', 20.902109, 105.787654, 0),
(68, 'ORD068', 8, 0, 'Cửa hàng Đồ chơi ngoài trời', 'Số 108 Hàng Mắm, Hoàn Kiếm', '0333334444', 'dochoingoaitroi@gmail.com', 'Ngô Thị Hương', 'Số 33 Tương Mai, Hoàng Mai', '0322221111', 'ngohuong@gmail.com', 20.893210, 105.776543, 0),
(69, 'ORD069', 9, 0, 'Công ty Thiết bị y tế gia đình', 'Số 109 Hàng Tre, Hoàn Kiếm', '0322223333', 'ytegiadinh@gmail.com', 'Trịnh Văn Long', 'Số 44 Trần Phú, Hoàng Mai', '0311110000', 'trinhlong@gmail.com', 20.884321, 105.765432, 0),
(70, 'ORD070', 10, 0, 'Cửa hàng Đồ chơi giáo dục', 'Số 110 Hàng Buồm, Hoàn Kiếm', '0311112222', 'dochoigiaoduc@gmail.com', 'Bùi Thị Thu', 'Số 55 Hoàng Mai, Hoàng Mai', '0300009999', 'buithu@gmail.com', 20.875432, 105.754321, 0),
(71, 'ORD071', 1, 0, 'Công ty Thiết bị thể thao', 'Số 111 Hàng Mã, Hoàn Kiếm', '0300001111', 'thietbithethao@gmail.com', 'Mai Văn Quang', 'Số 66 Tân Mai, Hoàng Mai', '0299998888', 'maiquang@gmail.com', 20.866543, 105.743210, 0),
(72, 'ORD072', 2, 0, 'Cửa hàng Đồ chơi nấu ăn', 'Số 112 Hàng Đào, Hoàn Kiếm', '0299990000', 'dochoinauan@gmail.com', 'Lý Thị Mai', 'Số 77 Định Công, Hoàng Mai', '0288887777', 'lymai@gmail.com', 20.857654, 105.732109, 0),
(73, 'ORD073', 3, 0, 'Công ty Thiết bị văn phòng', 'Số 113 Hàng Ngang, Hoàn Kiếm', '0288889999', 'thietbivanphong@gmail.com', 'Cao Văn Dũng', 'Số 88 Hoàng Liệt, Hoàng Mai', '0277776666', 'caodung@gmail.com', 20.848765, 105.721098, 0),
(74, 'ORD074', 4, 0, 'Cửa hàng Đồ chơi âm nhạc', 'Số 114 Hàng Đường, Hoàn Kiếm', '0277778888', 'dochoiamnhac@gmail.com', 'Đỗ Thị Nga', 'Số 99 Yên Sở, Hoàng Mai', '0266665555', 'dongal@gmail.com', 20.839876, 105.710987, 0),
(75, 'ORD075', 5, 0, 'Công ty Thiết bị điện lạnh', 'Số 115 Hàng Cót, Hoàn Kiếm', '0266667777', 'dienlanh@gmail.com', 'Tạ Văn Hải', 'Số 11 Lĩnh Nam, Hoàng Mai', '0255554444', 'tahai@gmail.com', 20.830987, 105.709876, 0),
(76, 'ORD076', 6, 0, 'Cửa hàng Đồ chơi xây dựng', 'Số 116 Hàng Bè, Hoàn Kiếm', '0255556666', 'dochoixaydung@gmail.com', 'Lâm Thị Hoa', 'Số 22 Mai Động, Hoàng Mai', '0244443333', 'lamhoa@gmail.com', 20.821098, 105.698765, 0),
(77, 'ORD077', 7, 0, 'Công ty Thiết bị chiếu phim', 'Số 117 Hàng Mắm, Hoàn Kiếm', '0244445555', 'chieuphim@gmail.com', 'Võ Văn Tuấn', 'Số 33 Tương Mai, Hoàng Mai', '0233332222', 'votuan@gmail.com', 20.812109, 105.687654, 0),
(78, 'ORD078', 8, 0, 'Cửa hàng Đồ chơi bóng đá', 'Số 118 Hàng Tre, Hoàn Kiếm', '0233334444', 'dochoibongda@gmail.com', 'Hồ Thị Lan', 'Số 44 Trần Phú, Hoàng Mai', '0222221111', 'holan@gmail.com', 20.803210, 105.676543, 0),
(79, 'ORD079', 9, 0, 'Công ty Thiết bị chống trộm', 'Số 119 Hàng Buồm, Hoàn Kiếm', '0222223333', 'chongtrom@gmail.com', 'Chu Văn Minh', 'Số 55 Hoàng Mai, Hoàng Mai', '0211110000', 'chuminh@gmail.com', 20.794321, 105.665432, 0),
(80, 'ORD080', 10, 0, 'Cửa hàng Đồ chơi lắp ráp', 'Số 120 Hàng Mã, Hoàn Kiếm', '0211112222', 'dochoilaprap@gmail.com', 'Phan Thị Hồng', 'Số 66 Tân Mai, Hoàng Mai', '0200009999', 'phanhong@gmail.com', 20.785432, 105.654321, 0),
(81, 'ORD081', 1, 0, 'Công ty Thiết bị đo điện', 'Số 121 Hàng Đào, Hoàn Kiếm', '0200001111', 'dodien@gmail.com', 'Nguyễn Văn Thành', 'Số 22 Linh Đàm, Hoàng Mai', '0199998888', 'nguyenthanh@gmail.com', 20.965432, 105.832109, 0),
(82, 'ORD082', 2, 0, 'Cửa hàng Đồ chơi búp bê Barbie', 'Số 122 Hàng Ngang, Hoàn Kiếm', '0199990000', 'barbie@gmail.com', 'Trần Văn Hưng', 'Số 33 Định Công, Hoàng Mai', '0188887777', 'tranhung@gmail.com', 20.976543, 105.821098, 0),
(83, 'ORD083', 3, 0, 'Công ty Thiết bị phòng thí nghiệm', 'Số 123 Hàng Đường, Hoàn Kiếm', '0188889999', 'phongthinghiem@gmail.com', 'Lê Thị Thuỷ', 'Số 44 Hoàng Liệt, Hoàng Mai', '0177776666', 'lethuy@gmail.com', 20.987654, 105.810987, 0),
(84, 'ORD084', 4, 0, 'Cửa hàng Đồ chơi ô tô điều khiển', 'Số 124 Hàng Cót, Hoàn Kiếm', '0177778888', 'otodieuphoi@gmail.com', 'Phạm Văn Dương', 'Số 55 Yên Sở, Hoàng Mai', '0166665555', 'phamduong@gmail.com', 20.998765, 105.809876, 0),
(85, 'ORD085', 5, 0, 'Công ty Thiết bị chữa cháy', 'Số 125 Hàng Bè, Hoàn Kiếm', '0166667777', 'chuachay@gmail.com', 'Hoàng Thị Nga', 'Số 66 Lĩnh Nam, Hoàng Mai', '0155554444', 'hoangnga@gmail.com', 21.008765, 105.798765, 0),
(86, 'ORD086', 6, 0, 'Cửa hàng Đồ chơi máy xúc', 'Số 126 Hàng Mắm, Hoàn Kiếm', '0155556666', 'mayxuc@gmail.com', 'Vũ Văn Tài', 'Số 77 Mai Động, Hoàng Mai', '0144443333', 'vutai@gmail.com', 21.018765, 105.787654, 0),
(87, 'ORD087', 7, 0, 'Công ty Thiết bị hàn cắt', 'Số 127 Hàng Tre, Hoàn Kiếm', '0144445555', 'hancat@gmail.com', 'Đặng Thị Hà', 'Số 88 Tương Mai, Hoàng Mai', '0133332222', 'dangha@gmail.com', 21.028765, 105.776543, 0),
(88, 'ORD088', 8, 0, 'Cửa hàng Đồ chơi tàu hỏa', 'Số 128 Hàng Buồm, Hoàn Kiếm', '0133334444', 'tauhoa@gmail.com', 'Ngô Văn Lâm', 'Số 99 Trần Phú, Hoàng Mai', '0122221111', 'ngolam@gmail.com', 21.038765, 105.765432, 0),
(89, 'ORD089', 9, 0, 'Công ty Thiết bị nâng hạ', 'Số 129 Hàng Mã, Hoàn Kiếm', '0122223333', 'nangha@gmail.com', 'Trịnh Thị Hạnh', 'Số 11 Hoàng Mai, Hoàng Mai', '0111110000', 'trinhhanh@gmail.com', 21.048765, 105.754321, 0),
(90, 'ORD090', 10, 0, 'Cửa hàng Đồ chơi bể bơi', 'Số 130 Hàng Đào, Hoàn Kiếm', '0111112222', 'beboi@gmail.com', 'Bùi Văn Sỹ', 'Số 22 Tân Mai, Hoàng Mai', '0100009999', 'buisy@gmail.com', 21.058765, 105.743210, 0),
(91, 'ORD091', 1, 0, 'Công ty Thiết bị đo áp suất', 'Số 131 Hàng Ngang, Hoàn Kiếm', '0100001111', 'apsuat@gmail.com', 'Mai Thị Lan', 'Số 33 Định Công, Hoàng Mai', '0099998888', 'mailan@gmail.com', 21.068765, 105.732109, 0),
(92, 'ORD092', 2, 0, 'Cửa hàng Đồ chơi câu cá', 'Số 132 Hàng Đường, Hoàn Kiếm', '0099990000', 'cauca@gmail.com', 'Lý Văn Tú', 'Số 44 Hoàng Liệt, Hoàng Mai', '0088887777', 'lytu@gmail.com', 21.078765, 105.721098, 0),
(93, 'ORD093', 3, 0, 'Công ty Thiết bị đo nhiệt độ', 'Số 133 Hàng Cót, Hoàn Kiếm', '0088889999', 'nhietdo@gmail.com', 'Cao Thị Hương', 'Số 55 Yên Sở, Hoàng Mai', '0077776666', 'caohuong@gmail.com', 21.088765, 105.710987, 0),
(94, 'ORD094', 4, 0, 'Cửa hàng Đồ chơi bập bênh', 'Số 134 Hàng Bè, Hoàn Kiếm', '0077778888', 'bapbenh@gmail.com', 'Đỗ Văn Hải', 'Số 66 Lĩnh Nam, Hoàng Mai', '0066665555', 'dohai@gmail.com', 21.098765, 105.709876, 0),
(95, 'ORD095', 5, 0, 'Công ty Thiết bị đo độ ẩm', 'Số 135 Hàng Mắm, Hoàn Kiếm', '0066667777', 'doam@gmail.com', 'Tạ Thị Thu', 'Số 77 Mai Động, Hoàng Mai', '0055554444', 'tathu@gmail.com', 21.108765, 105.698765, 0),
(96, 'ORD096', 6, 0, 'Cửa hàng Đồ chơi cầu trượt', 'Số 136 Hàng Tre, Hoàn Kiếm', '0055556666', 'cautrut@gmail.com', 'Lâm Văn Hùng', 'Số 88 Tương Mai, Hoàng Mai', '0044443333', 'lamhung@gmail.com', 21.118765, 105.687654, 0),
(97, 'ORD097', 7, 0, 'Công ty Thiết bị đo tốc độ', 'Số 137 Hàng Buồm, Hoàn Kiếm', '0044445555', 'tocdo@gmail.com', 'Võ Thị Nga', 'Số 99 Trần Phú, Hoàng Mai', '0033332222', 'vonga@gmail.com', 21.128765, 105.676543, 0),
(98, 'ORD098', 8, 0, 'Cửa hàng Đồ chơi xích đu', 'Số 138 Hàng Mã, Hoàn Kiếm', '0033334444', 'xichdu@gmail.com', 'Hồ Văn Dũng', 'Số 11 Hoàng Mai, Hoàng Mai', '0022221111', 'hodung@gmail.com', 21.138765, 105.665432, 0),
(99, 'ORD099', 9, 0, 'Công ty Thiết bị đo độ pH', 'Số 139 Hàng Đào, Hoàn Kiếm', '0022223333', 'doph@gmail.com', 'Chu Thị Mai', 'Số 22 Tân Mai, Hoàng Mai', '0011110000', 'chumai@gmail.com', 21.148765, 105.654321, 0),
(100, 'ORD100', 10, 0, 'Cửa hàng Đồ chơi lego technic', 'Số 140 Hàng Ngang, Hoàn Kiếm', '0011112222', 'legotechnic@gmail.com', 'Phan Văn Nam', 'Số 33 Định Công, Hoàng Mai', '0000009999', 'phannam@gmail.com', 21.158765, 105.643210, 0);

-- 4. Data cho Failure_reasons (test)
USE history_db;
insert into failure_reasons (reason_id, code, description, created_at, update_at) values
(1, 'ADDRESS_INCORRECT', 'Địa chỉ giao hàng không chính xác', '2025-01-01 08:00:00', '2025-01-01 08:00:00'),
(2, 'RECIPIENT_NOT_AVAILABLE', 'Người nhận không có mặt tại địa chỉ', '2025-01-01 08:00:00', '2025-01-01 08:00:00'),
(3, 'PAYMENT_FAILED', 'Thanh toán thất bại', '2025-01-01 08:00:00', '2025-01-01 08:00:00'),
(4, 'WEATHER_CONDITION', 'Điều kiện thời tiết xấu', '2025-01-01 08:00:00', '2025-01-01 08:00:00'),
(5, 'VEHICLE_BREAKDOWN', 'Phương tiện giao hàng bị hỏng', '2025-01-01 08:00:00', '2025-01-01 08:00:00'),
(6, 'PACKAGE_DAMAGED', 'Hàng hóa bị hư hỏng', '2025-01-01 08:00:00', '2025-01-01 08:00:00'),
(7, 'CUSTOMER_CANCELLED', 'Khách hàng hủy đơn hàng', '2025-01-01 08:00:00', '2025-01-01 08:00:00');

-- 5. Data cho order_history (test):
USE history_db;
insert into order_history (order_history_id, order_id, actor_type, user_id, created_at, from_status, to_status, failure_reason_id) values
(1, 1, 'SYSTEM', NULL, '2025-11-01 09:15:22', NULL, 0, NULL),
(2, 2, 'SYSTEM', NULL, '2025-11-01 10:30:45', NULL, 0, NULL),
(3, 3, 'SYSTEM', NULL, '2025-11-01 14:20:33', NULL, 0, NULL),
(4, 4, 'SYSTEM', NULL, '2025-11-01 16:45:12', NULL, 0, NULL),
(5, 1, 'USER', 1, '2025-11-02 10:15:44', 0, 1, NULL),
(6, 2, 'USER', 2, '2025-11-02 11:20:33', 0, 1, NULL),
(7, 5, 'SYSTEM', NULL, '2025-11-02 13:45:28', NULL, 0, NULL),
(8, 3, 'USER', 1, '2025-11-03 10:25:47', 0, 1, NULL),
(9, 1, 'USER', 1, '2025-11-04 13:45:27', 1, 3, 2),
(10, 6, 'SYSTEM', NULL, '2025-11-04 11:20:53', NULL, 0, NULL),
(11, 2, 'USER', 1, '2025-11-05 14:15:48', 1, 2, NULL),
(12, 4, 'USER', 2, '2025-11-05 15:40:11', 0, 1, NULL),
(13, 3, 'USER', 1, '2025-11-06 10:25:37', 1, 3, 5),
(14, 7, 'SYSTEM', NULL, '2025-11-06 13:40:22', NULL, 0, NULL),
(15, 8, 'SYSTEM', NULL, '2025-11-07 08:35:29', NULL, 0, NULL),
(16, 4, 'USER', 1, '2025-11-07 11:20:15', 1, 2, NULL),
(17, 5, 'USER', 2, '2025-11-07 14:45:33', 0, 1, NULL),
(18, 5, 'USER', 1, '2025-11-08 12:30:28', 1, 3, 1),
(19, 9, 'SYSTEM', NULL, '2025-11-08 09:15:47', NULL, 0, NULL),
(20, 6, 'USER', 1, '2025-11-08 15:20:44', 0, 1, NULL),
(21, 6, 'USER', 1, '2025-11-09 13:25:36', 1, 2, NULL),
(22, 10, 'SYSTEM', NULL, '2025-11-09 10:10:19', NULL, 0, NULL),
(23, 11, 'SYSTEM', NULL, '2025-11-10 08:45:52', NULL, 0, NULL),
(24, 7, 'USER', 1, '2025-11-10 11:30:41', 0, 1, NULL),
(25, 7, 'USER', 1, '2025-11-11 16:40:18', 1, 3, 3),
(26, 12, 'SYSTEM', NULL, '2025-11-11 14:15:27', NULL, 0, NULL),
(27, 8, 'USER', 2,'2025-11-12 09:25:33', 0, 1, NULL),
(28, 8, 'USER', 1, '2025-11-13 10:35:29', 1, 2, NULL),
(29, 13, 'SYSTEM', NULL, '2025-11-12 12:50:44', NULL, 0, NULL),
(30, 9, 'USER', 2,'2025-11-13 13:20:15', 0, 1, NULL),
(31, 9, 'USER', 1, '2025-11-14 11:55:42', 1, 3, 4),
(32, 14, 'SYSTEM', NULL, '2025-11-14 08:40:37', NULL, 0, NULL),
(33, 15, 'SYSTEM', NULL, '2025-11-15 09:30:24', NULL, 0, NULL),
(34, 10, 'USER', 2,'2025-11-15 14:10:19', 0, 1, NULL),
(35, 10, 'USER', 1, '2025-11-16 13:20:47', 1, 2, NULL),
(36, 16, 'SYSTEM', NULL, '2025-11-16 10:45:33', NULL, 0, NULL),
(37, 11, 'USER', 1,'2025-11-17 08:35:52', 0, 1, NULL),
(38, 11, 'USER', 1, '2025-11-18 15:15:41', 1, 3, 6),
(39, 17, 'SYSTEM', NULL, '2025-11-17 11:50:28', NULL, 0, NULL),
(40, 12, 'USER', 2,'2025-11-18 16:40:33', 0, 1, NULL),
(41, 12, 'USER', 1, '2025-11-19 12:30:44', 1, 2, NULL),
(42, 18, 'SYSTEM', NULL, '2025-11-19 09:25:19', NULL, 0, NULL),
(43, 13, 'USER', 1,'2025-11-20 10:15:28', 0, 1, NULL),
(44, 13, 'USER', 1, '2025-11-20 14:40:33', 1, 3, 2),
(45, 19, 'SYSTEM', NULL, '2025-11-21 08:50:42', NULL, 0, NULL),
(46, 14, 'USER', 2,'2025-11-21 11:25:19', 0, 1, NULL),
(47, 14, 'USER', 1, '2025-11-22 13:55:47', 1, 2, NULL),
(48, 20, 'SYSTEM', NULL, '2025-11-22 09:30:15', NULL, 0, NULL),
(49, 15, 'USER', 2,'2025-11-23 12:10:33', 0, 1, NULL),
(50, 15, 'USER', 1,'2025-11-23 16:25:29', 1, 3, 7),
(51, 16, 'SYSTEM', NULL, '2025-11-24 08:40:15', NULL, 0, NULL),
(52, 17, 'SYSTEM', NULL, '2025-11-24 11:05:29', NULL, 0, NULL),
(53, 16, 'USER', 1,'2025-11-25 13:30:43', 0, 1, NULL),
(54, 16, 'USER', 1, '2025-11-25 15:55:57', 1, 2, NULL),
(55, 18, 'SYSTEM', NULL, '2025-11-26 09:20:11', NULL, 0, NULL),
(56, 17, 'USER', 2,'2025-11-26 12:45:25', 0, 1, NULL),
(57, 17, 'USER', 1, '2025-11-27 14:10:39', 1, 3, 1),
(58, 19, 'SYSTEM', NULL, '2025-11-27 08:35:53', NULL, 0, NULL),
(59, 18, 'USER', 2,'2025-11-28 11:00:07', 0, 1, NULL),
(60, 18, 'USER', 1, '2025-11-28 13:25:21', 1, 2, NULL),
(61, 20, 'SYSTEM', NULL, '2025-11-29 09:50:35', NULL, 0, NULL),
(62, 19, 'USER', 2,'2025-11-29 14:15:49', 0, 1, NULL),
(63, 19, 'USER', 1, '2025-11-30 16:40:03', 1, 3, 3),
(64, 21, 'SYSTEM', NULL, '2025-11-30 08:05:17', NULL, 0, NULL),
(65, 22, 'SYSTEM', NULL, '2025-12-01 08:15:22', NULL, 0, NULL),
(66, 23, 'SYSTEM', NULL, '2025-12-01 10:40:33', NULL, 0, NULL),
(67, 20, 'USER', 1,'2025-12-01 13:05:47', 0, 1, NULL),
(68, 20, 'USER', 1, '2025-12-02 09:30:15', 1, 2, NULL),
(69, 24, 'SYSTEM', NULL, '2025-12-02 11:55:28', NULL, 0, NULL),
(70, 21, 'USER', 2,'2025-12-02 14:20:39', 0, 1, NULL),
(71, 21, 'USER', 1, '2025-12-03 12:45:52', 1, 3, 5),
(72, 25, 'SYSTEM', NULL, '2025-12-03 08:10:44', NULL, 0, NULL),
(73, 22, 'USER', 2,'2025-12-04 10:35:27', 0, 1, NULL),
(74, 22, 'USER', 1, '2025-12-04 15:00:33', 1, 2, NULL),
(75, 26, 'SYSTEM', NULL, '2025-12-05 09:25:18', NULL, 0, NULL),
(76, 23, 'USER', 1,'2025-12-05 13:50:29', 0, 1, NULL),
(77, 23, 'USER', 1, '2025-12-06 16:15:44', 1, 3, 2),
(78, 27, 'SYSTEM', NULL, '2025-12-06 08:40:44', NULL, 0, NULL),
(79, 24, 'USER', 2,'2025-12-07 11:05:37', 0, 1, NULL),
(80, 24, 'USER', 1, '2025-12-07 14:30:52', 1, 2, NULL),
(81, 28, 'SYSTEM', NULL, '2025-12-08 09:55:19', NULL, 0, NULL),
(82, 25, 'USER', 1,'2025-12-08 12:20:28', 0, 1, NULL),
(83, 25, 'USER', 1, '2025-12-09 14:45:41', 1, 3, 6),
(84, 29, 'SYSTEM', NULL, '2025-12-09 08:10:33', NULL, 0, NULL),
(85, 26, 'USER', 2,'2025-12-10 10:35:47', 0, 1, NULL),
(86, 26, 'USER', 1, '2025-12-10 13:00:22', 1, 4, NULL),
(87, 30, 'SYSTEM', NULL, '2025-12-11 08:25:22', NULL, 0, NULL),
(88, 31, 'SYSTEM', NULL, '2025-12-11 10:50:39', NULL, 0, NULL),
(89, 27, 'USER', 1,'2025-12-12 13:15:51', 0, 1, NULL),
(90, 27, 'USER', 1, '2025-12-12 15:40:44', 1, 3, 4),
(91, 32, 'SYSTEM', NULL, '2025-12-13 09:05:33', NULL, 0, NULL),
(92, 28, 'USER', 2,'2025-12-13 11:30:28', 0, 1, NULL),
(93, 28, 'USER', 2, '2025-12-14 13:55:19', 1, 2, NULL),
(94, 33, 'SYSTEM', NULL, '2025-12-14 16:20:42', NULL, 0, NULL),
(95, 29, 'USER', 2,'2025-12-15 10:45:37', 0, 1, NULL),
(96, 29, 'USER', 1, '2025-12-15 13:10:29', 1, 3, 7),
(97, 34, 'SYSTEM', NULL, '2025-12-16 08:35:44', NULL, 0, NULL),
(98, 30, 'USER', 1,'2025-12-16 11:00:52', 0, 1, NULL),
(99, 30, 'USER', 1, '2025-12-17 14:25:18', 1, 2, NULL),
(100, 35, 'SYSTEM', NULL, '2025-12-17 09:50:33', NULL, 0, NULL),
(101, 31, 'USER', 1,'2025-12-18 12:15:47', 0, 1, NULL),
(102, 31, 'USER', 1, '2025-12-18 15:40:29', 1, 3, 1),
(103, 36, 'SYSTEM', NULL, '2025-12-19 08:05:14', NULL, 0, NULL),
(104, 32, 'USER', 1,'2025-12-19 10:30:38', 0, 1, NULL),
(105, 32, 'USER', 1, '2025-12-20 12:55:22', 1, 2, NULL),
(106, 37, 'SYSTEM', NULL, '2025-12-20 09:20:47', NULL, 0, NULL),
(107, 33, 'USER', 1,'2025-12-21 11:45:55', 0, 1, NULL),
(108, 33, 'USER', 1, '2025-12-21 14:10:41', 1, 3, 3),
(109, 38, 'SYSTEM', NULL, '2025-12-22 08:35:33', NULL, 0, NULL),
(110, 34, 'USER', 1,'2025-12-22 13:00:19', 0, 1, NULL),
(111, 34, 'USER', 2, '2025-12-23 15:25:28', 1, 2, NULL),
(112, 39, 'SYSTEM', NULL, '2025-12-23 10:50:44', NULL, 0, NULL),
(113, 35, 'USER', 2, '2025-12-24 12:15:52', 0, 1, NULL),
(114, 35, 'USER', 1, '2025-12-24 14:40:37', 1, 3, 5),
(115, 40, 'SYSTEM', NULL, '2025-12-25 09:05:01', NULL, 0, NULL),
(116, 41, 'SYSTEM', NULL, '2025-12-25 11:30:15', NULL, 0, NULL),
(117, 36, 'USER', 1, '2025-12-26 13:55:29', 0, 1, NULL),
(118, 36, 'USER', 1, '2025-12-26 16:20:43', 1, 2, NULL),
(119, 42, 'SYSTEM', NULL, '2025-12-27 08:45:57', NULL, 0, NULL),
(120, 37, 'USER', 2, '2025-12-27 11:10:11', 0, 1, NULL),
(121, 37, 'USER', 1, '2025-12-28 13:35:25', 1, 4, NULL),
(122, 43, 'SYSTEM', NULL, '2025-12-28 10:00:39', NULL, 0, NULL),
(123, 38, 'USER', 1, '2025-12-29 12:25:53', 0, 1, NULL),
(124, 38, 'USER', 1, '2025-12-29 14:50:07', 1, 3, 2),
(125, 44, 'SYSTEM', NULL, '2025-12-30 09:15:21', NULL, 0, NULL),
(126, 39, 'USER', 2, '2025-12-30 11:40:35', 0, 1, NULL),
(127, 39, 'USER', 1, '2025-12-31 14:05:49', 1, 2, NULL),
(128, 45, 'SYSTEM', NULL, '2026-01-02 08:10:15', NULL, 0, NULL),
(129, 46, 'SYSTEM', NULL, '2026-01-02 10:35:29', NULL, 0, NULL),
(130, 40, 'USER', 1, '2026-01-02 13:00:43', 0, 1, NULL),
(131, 40, 'USER', 1, '2026-01-03 15:25:57', 1, 3, 4),
(132, 47, 'SYSTEM', NULL, '2026-01-03 09:50:11', NULL, 0, NULL),
(133, 41, 'USER', 1, '2026-01-04 12:15:25', 0, 1, NULL),
(134, 41, 'USER', 1, '2026-01-04 14:40:39', 1, 2, NULL),
(135, 48, 'SYSTEM', NULL, '2026-01-05 08:05:53', NULL, 0, NULL),
(136, 42, 'USER', 2, '2026-01-05 10:30:07', 0, 1, NULL),
(137, 42, 'USER', 2, '2026-01-06 13:55:21', 1, 3, 6),
(138, 49, 'SYSTEM', NULL, '2026-01-06 11:20:35', NULL, 0, NULL),
(139, 43, 'USER', 2, '2026-01-07 14:45:49', 0, 1, NULL),
(140, 43, 'USER', 1, '2026-01-07 17:10:03', 1, 2, NULL),
(141, 50, 'SYSTEM', NULL, '2026-01-08 09:35:17', NULL, 0, NULL),
(142, 44, 'USER', 2, '2026-01-08 12:00:31', 0, 1, NULL),
(143, 44, 'USER', 1, '2026-01-09 14:25:45', 1, 3, 7),
(144, 51, 'SYSTEM', NULL, '2026-01-09 08:50:59', NULL, 0, NULL),
(145, 45, 'USER', 2, '2026-01-10 11:15:13', 0, 1, NULL),
(146, 45, 'USER', 1, '2026-01-10 13:40:27', 1, 2, NULL),
(147, 52, 'SYSTEM', NULL, '2026-01-11 09:05:41', NULL, 0, NULL),
(148, 46, 'USER', 1, '2026-01-11 12:30:55', 0, 1, NULL),
(149, 46, 'USER', 1, '2026-01-12 14:56:09', 1, 3, 1),
(150, 53, 'SYSTEM', NULL, '2026-01-12 08:21:23', NULL, 0, NULL),
(151, 47, 'USER', 2, '2026-01-13 10:46:37', 0, 1, NULL),
(152, 47, 'USER', 2, '2026-01-13 13:11:51', 1, 4, NULL),
(153, 54, 'SYSTEM', NULL, '2026-01-14 09:37:05', NULL, 0, NULL),
(154, 48, 'USER', 1, '2026-01-14 12:02:19', 0, 1, NULL),
(155, 48, 'USER', 1, '2026-01-15 14:27:33', 1, 3, 3),
(156, 55, 'SYSTEM', NULL, '2026-01-15 08:52:47', NULL, 0, NULL),
(157, 49, 'USER', 1, '2026-01-16 11:18:01', 0, 1, NULL),
(158, 49, 'USER', 1, '2026-01-16 13:43:15', 1, 2, NULL),
(159, 56, 'SYSTEM', NULL, '2026-01-17 09:08:29', NULL, 0, NULL),
(160, 50, 'USER', 1, '2026-01-17 12:33:43', 0, 1, NULL),
(161, 50, 'USER', 1, '2026-01-18 14:58:57', 1, 3, 5),
(162, 57, 'SYSTEM', NULL, '2026-01-18 08:24:11', NULL, 0, NULL),
(163, 51, 'USER', 1, '2026-01-19 10:49:25', 0, 1, NULL),
(164, 51, 'USER', 1, '2026-01-19 13:14:39', 1, 2, NULL),
(165, 58, 'SYSTEM', NULL, '2026-01-20 09:39:53', NULL, 0, NULL),
(166, 52, 'USER', 1, '2026-01-20 12:05:07', 0, 1, NULL),
(167, 52, 'USER', 1, '2026-01-21 14:30:21', 1, 3, 2),
(168, 59, 'SYSTEM', NULL, '2026-01-21 08:55:35', NULL, 0, NULL),
(169, 53, 'USER', 1, '2026-01-22 11:20:49', 0, 1, NULL),
(170, 53, 'USER', 1, '2026-01-22 13:46:03', 1, 2, NULL),
(171, 60, 'SYSTEM', NULL, '2026-01-23 09:11:17', NULL, 0, NULL),
(172, 54, 'USER', 2, '2026-01-23 12:36:31', 0, 1, NULL),
(173, 54, 'USER', 1, '2026-01-24 15:01:45', 1, 3, 4),
(174, 61, 'SYSTEM', NULL, '2026-01-24 08:26:59', NULL, 0, NULL),
(175, 55, 'USER', 1, '2026-01-25 10:52:13', 0, 1, NULL),
(176, 55, 'USER', 1, '2026-01-25 13:17:27', 1, 4, NULL),
(177, 62, 'SYSTEM', NULL, '2026-01-26 09:42:41', NULL, 0, NULL),
(178, 56, 'USER', 2, '2026-01-26 12:07:55', 0, 1, NULL),
(179, 56, 'USER', 1, '2026-01-27 14:33:09', 1, 3, 6),
(180, 63, 'SYSTEM', NULL, '2026-01-27 08:58:23', NULL, 0, NULL),
(181, 57, 'USER', 2, '2026-01-28 11:23:37', 0, 1, NULL),
(182, 57, 'USER', 1, '2026-01-28 13:48:51', 1, 2, NULL),
(183, 64, 'SYSTEM', NULL, '2026-01-29 09:14:05', NULL, 0, NULL),
(184, 58, 'USER', 1, '2026-01-29 12:39:19', 0, 1, NULL),
(185, 58, 'USER', 1, '2026-01-30 15:04:33', 1, 3, 7),
(186, 65, 'SYSTEM', NULL, '2026-01-30 08:29:47', NULL, 0, NULL),
(187, 59, 'USER', 2, '2026-01-31 10:55:01', 0, 1, NULL),
(188, 60, 'USER', 2, '2026-01-31 13:20:15', 0, 1, NULL),
(189, 60, 'USER', 1, '2026-01-31 16:45:29', 1, 3, 1),
(190, 61, 'USER', 1, '2026-01-31 14:10:43', 0, 1, NULL),
(191, 61, 'USER', 1, '2026-01-31 17:35:57', 1, 3, 3),
(192, 62, 'USER', 1, '2026-01-31 09:00:11', 0, 1, NULL),
(193, 62, 'USER', 1, '2026-01-31 11:25:25', 1, 2, NULL),
(194, 63, 'USER', 1, '2026-01-31 13:50:39', 0, 1, NULL),
(195, 63, 'USER', 1, '2026-01-31 16:15:53', 1, 3, 5),
(196, 64, 'USER', 2, '2026-01-31 08:41:07', 0, 1, NULL),
(197, 64, 'USER', 1, '2026-01-31 11:06:21', 1, 2, NULL),
(198, 65, 'USER', 1, '2026-01-31 14:31:35', 0, 1, NULL),
(199, 65, 'USER', 1, '2026-01-31 17:56:49', 1, 3, 2),
(200, 66, 'SYSTEM', NULL, '2026-01-31 10:22:03', NULL, 0, NULL);